{
    "B0A": {
        "upper": 1144.4258230060775,
        "lower": 1144.4186555811177
    },
    "B0B": {
        "upper": 1148.1133791496197,
        "lower": 1148.104774750533
    },
    "B0C": {
        "upper": 1136.8410815171314,
        "lower": 1136.826277223889
    },
    "B0D": {
        "upper": 1113.433673765353,
        "lower": 1113.4273352878854
    },
    "R0A": {
        "upper": 2006.8169303817301,
        "lower": 2006.8137641856008
    },
    "R0B": {
        "upper": 2003.934755273396,
        "lower": 2003.9311908903912
    },
    "R0C": {
        "upper": 1999.356750314408,
        "lower": 1999.3409461815697
    },
    "R0D": {
        "upper": 2008.9120385890951,
        "lower": 2008.9060573053007
    },
    "Z0A": {
        "upper": 2005.333369693539,
        "lower": 2005.3140908099301
    },
    "Z0B": {
        "upper": 2007.2378406556318,
        "lower": 2007.2364470185112
    },
    "Z0C": {
        "upper": 2005.921610429732,
        "lower": 2005.9149862753534
    },
    "Z0D": {
        "upper": 2001.0062670113846,
        "lower": 2001.0054846061614
    },
    "B1A": {
        "upper": null,
        "lower": null
    },
    "B1B": {
        "upper": null,
        "lower": null
    },
    "B1C": {
        "upper": null,
        "lower": null
    },
    "B1D": {
        "upper": null,
        "lower": null
    },
    "R1A": {
        "upper": null,
        "lower": null
    },
    "R1B": {
        "upper": null,
        "lower": null
    },
    "R1C": {
        "upper": null,
        "lower": null
    },
    "R1D": {
        "upper": null,
        "lower": null
    },
    "Z1A": {
        "upper": null,
        "lower": null
    },
    "Z1B": {
        "upper": null,
        "lower": null
    },
    "Z1C": {
        "upper": null,
        "lower": null
    },
    "Z1D": {
        "upper": null,
        "lower": null
    },
    "B2A": {
        "upper": 1201.8557716801236,
        "lower": 1201.7367114154733
    },
    "B2B": {
        "upper": 1210.5634881972348,
        "lower": 1210.4369394705316
    },
    "B2C": {
        "upper": 1188.2413793467877,
        "lower": 1188.1529716824302
    },
    "B2D": {
        "upper": 1174.8735034282836,
        "lower": 1174.7817492299541
    },
    "R2A": {
        "upper": 2000.0514232562289,
        "lower": 2000.0126674459395
    },
    "R2B": {
        "upper": 1994.8524421081534,
        "lower": 1994.8392001041084
    },
    "R2C": {
        "upper": 2000.8329073840932,
        "lower": 2000.796272728248
    },
    "R2D": {
        "upper": 1998.0614911416856,
        "lower": 1998.0483104287619
    },
    "Z2A": {
        "upper": 2005.8648966236378,
        "lower": 2005.5976137384564
    },
    "Z2B": {
        "upper": 2006.9618484063913,
        "lower": 2006.9179693794867
    },
    "Z2C": {
        "upper": 2008.9174116254121,
        "lower": 2008.8660631085618
    },
    "Z2D": {
        "upper": 2003.51605764441,
        "lower": 2003.4839671832888
    },
    "B3A": {
        "upper": null,
        "lower": null
    },
    "B3B": {
        "upper": null,
        "lower": null
    },
    "B3C": {
        "upper": null,
        "lower": null
    },
    "B3D": {
        "upper": null,
        "lower": null
    },
    "R3A": {
        "upper": null,
        "lower": null
    },
    "R3B": {
        "upper": null,
        "lower": null
    },
    "R3C": {
        "upper": null,
        "lower": null
    },
    "R3D": {
        "upper": null,
        "lower": null
    },
    "Z3A": {
        "upper": null,
        "lower": null
    },
    "Z3B": {
        "upper": null,
        "lower": null
    },
    "Z3C": {
        "upper": null,
        "lower": null
    },
    "Z3D": {
        "upper": null,
        "lower": null
    },
    "B4A": {
        "upper": null,
        "lower": null
    },
    "B4B": {
        "upper": null,
        "lower": null
    },
    "B4C": {
        "upper": null,
        "lower": null
    },
    "B4D": {
        "upper": null,
        "lower": null
    },
    "R4A": {
        "upper": null,
        "lower": null
    },
    "R4B": {
        "upper": null,
        "lower": null
    },
    "R4C": {
        "upper": null,
        "lower": null
    },
    "R4D": {
        "upper": null,
        "lower": null
    },
    "Z4A": {
        "upper": null,
        "lower": null
    },
    "Z4B": {
        "upper": null,
        "lower": null
    },
    "Z4C": {
        "upper": null,
        "lower": null
    },
    "Z4D": {
        "upper": null,
        "lower": null
    },
    "B5A": {
        "upper": null,
        "lower": null
    },
    "B5B": {
        "upper": null,
        "lower": null
    },
    "B5C": {
        "upper": null,
        "lower": null
    },
    "B5D": {
        "upper": null,
        "lower": null
    },
    "R5A": {
        "upper": null,
        "lower": null
    },
    "R5B": {
        "upper": null,
        "lower": null
    },
    "R5C": {
        "upper": null,
        "lower": null
    },
    "R5D": {
        "upper": null,
        "lower": null
    },
    "Z5A": {
        "upper": null,
        "lower": null
    },
    "Z5B": {
        "upper": null,
        "lower": null
    },
    "Z5C": {
        "upper": null,
        "lower": null
    },
    "Z5D": {
        "upper": null,
        "lower": null
    },
    "B6A": {
        "upper": null,
        "lower": null
    },
    "B6B": {
        "upper": null,
        "lower": null
    },
    "B6C": {
        "upper": null,
        "lower": null
    },
    "B6D": {
        "upper": null,
        "lower": null
    },
    "R6A": {
        "upper": null,
        "lower": null
    },
    "R6B": {
        "upper": null,
        "lower": null
    },
    "R6C": {
        "upper": null,
        "lower": null
    },
    "R6D": {
        "upper": null,
        "lower": null
    },
    "Z6A": {
        "upper": null,
        "lower": null
    },
    "Z6B": {
        "upper": null,
        "lower": null
    },
    "Z6C": {
        "upper": null,
        "lower": null
    },
    "Z6D": {
        "upper": null,
        "lower": null
    },
    "B7A": {
        "upper": null,
        "lower": null
    },
    "B7B": {
        "upper": null,
        "lower": null
    },
    "B7C": {
        "upper": null,
        "lower": null
    },
    "B7D": {
        "upper": null,
        "lower": null
    },
    "R7A": {
        "upper": null,
        "lower": null
    },
    "R7B": {
        "upper": null,
        "lower": null
    },
    "R7C": {
        "upper": null,
        "lower": null
    },
    "R7D": {
        "upper": null,
        "lower": null
    },
    "Z7A": {
        "upper": null,
        "lower": null
    },
    "Z7B": {
        "upper": null,
        "lower": null
    },
    "Z7C": {
        "upper": null,
        "lower": null
    },
    "Z7D": {
        "upper": null,
        "lower": null
    },
    "B8A": {
        "upper": null,
        "lower": null
    },
    "B8B": {
        "upper": null,
        "lower": null
    },
    "B8C": {
        "upper": null,
        "lower": null
    },
    "B8D": {
        "upper": null,
        "lower": null
    },
    "R8A": {
        "upper": null,
        "lower": null
    },
    "R8B": {
        "upper": null,
        "lower": null
    },
    "R8C": {
        "upper": null,
        "lower": null
    },
    "R8D": {
        "upper": null,
        "lower": null
    },
    "Z8A": {
        "upper": null,
        "lower": null
    },
    "Z8B": {
        "upper": null,
        "lower": null
    },
    "Z8C": {
        "upper": null,
        "lower": null
    },
    "Z8D": {
        "upper": null,
        "lower": null
    },
    "B9A": {
        "upper": null,
        "lower": null
    },
    "B9B": {
        "upper": null,
        "lower": null
    },
    "B9C": {
        "upper": null,
        "lower": null
    },
    "B9D": {
        "upper": null,
        "lower": null
    },
    "R9A": {
        "upper": null,