{
    "B0A": {
        "upper_err": 1145.258243904676,
        "upper": 1145.258243904676,
        "lower": 1145.258243904676,
        "lower_err": 1145.258243904676
    },
    "B0B": {
        "upper_err": 1148.220784846937,
        "upper": 1148.220784846937,
        "lower": 1148.220784846937,
        "lower_err": 1148.220784846937
    },
    "B0C": {
        "upper_err": 1136.773244447283,
        "upper": 1136.773244447283,
        "lower": 1136.773244447283,
        "lower_err": 1136.773244447283
    },
    "B0D": {
        "upper_err": 1114.011141867914,
        "upper": 1114.011141867914,
        "lower": 1114.011141867914,
        "lower_err": 1114.011141867914
    },
    "R0A": {
        "upper_err": 2006.821800166417,
        "upper": 2006.821800166417,
        "lower": 2006.821800166417,
        "lower_err": 2006.821800166417
    },
    "R0B": {
        "upper_err": 2003.968423057669,
        "upper": 2003.968423057669,
        "lower": 2003.968423057669,
        "lower_err": 2003.968423057669
    },
    "R0C": {
        "upper_err": 1999.270953383648,
        "upper": 1999.270953383648,
        "lower": 1999.270953383648,
        "lower_err": 1999.270953383648
    },
    "R0D": {
        "upper_err": 2008.918593552479,
        "upper": 2008.918593552479,
        "lower": 2008.918593552479,
        "lower_err": 2008.918593552479
    },
    "Z0A": {
        "upper_err": 2005.384661695533,
        "upper": 2005.384661695533,
        "lower": 2005.384661695533,
        "lower_err": 2005.384661695533
    },
    "Z0B": {
        "upper_err": 2007.284727412653,
        "upper": 2007.284727412653,
        "lower": 2007.284727412653,
        "lower_err": 2007.284727412653
    },
    "Z0C": {
        "upper_err": 2005.893670808938,
        "upper": 2005.893670808938,
        "lower": 2005.893670808938,
        "lower_err": 2005.893670808938
    },
    "Z0D": {
        "upper_err": 2001.069664837036,
        "upper": 2001.069664837036,
        "lower": 2001.069664837036,
        "lower_err": 2001.069664837036
    },
    "B1A": {
        "upper_err": 4.5,
        "upper": 4,
        "lower": 1.5,
        "lower_err": 1
    },
    "B1B": {
        "upper_err": 4.5,
        "upper": 4,
        "lower": 1.5,
        "lower_err": 1
    },
    "B1C": {
        "upper_err": 4.5,
        "upper": 4,
        "lower": 1.5,
        "lower_err": 1
    },
    "B1D": {
        "upper_err": 4.5,
        "upper": 4,
        "lower": 1.5,
        "lower_err": 1
    },
    "R1A": {
        "upper_err": 4.5,
        "upper": 4,
        "lower": 1.5,
        "lower_err": 1
    },
    "R1B": {
        "upper_err": 4.5,
        "upper": 4,
        "lower": 1.5,
        "lower_err": 1
    },
    "R1C": {
        "upper_err": 4.5,
        "upper": 4,
        "lower": 1.5,
        "lower_err": 1
    },
    "R1D": {
        "upper_err": 4.5,
        "upper": 4,
        "lower": 1.5,
        "lower_err": 1
    },
    "Z1A": {
        "upper_err": 4.5,
        "upper": 4,
        "lower": 1.5,
        "lower_err": 1
    },
    "Z1B": {
        "upper_err": 4.5,
        "upper": 4,
        "lower": 1.5,
        "lower_err": 1
    },
    "Z1C": {
        "upper_err": 4.5,
        "upper": 4,
        "lower": 1.5,
        "lower_err": 1
    },
    "Z1D": {
        "upper_err": 4.5,
        "upper": 4,
        "lower": 1.5,
        "lower_err": 1
    },
    "B2A": {
        "upper_err": 1202.708305618781,
        "upper": 1202.377058361972,
        "lower": 1201.3833165915457,
        "lower_err": 1201.0520693347369
    },
    "B2B": {
        "upper_err": 1211.3707973976684,
        "upper": 1211.0203471655002,
        "lower": 1209.9689964689958,
        "lower_err": 1209.6185462368276
    },
    "B2C": {
        "upper_err": 1188.8683967410145,
        "upper": 1188.6223126098953,
        "lower": 1187.884060216537,
        "lower_err": 1187.6379760854177
    },
    "B2D": {
        "upper_err": 1175.4782601336485,
        "upper": 1175.2246346363243,
        "lower": 1174.463758144352,
        "lower_err": 1174.2101326470276
    },
    "R2A": {
        "upper_err": 2000.1156829995173,
        "upper": 2000.070146932032,
        "lower": 1999.933538729576,
        "lower_err": 1999.8880026620907
    },
    "R2B": {
        "upper_err": 1994.972984571881,
        "upper": 1994.9371217944063,
        "lower": 1994.8295334619816,
        "lower_err": 1994.7936706845069
    },
    "R2C": {
        "upper_err": 2001.0645225870883,
        "upper": 2000.9628817899866,
        "lower": 2000.6579593986812,
        "lower_err": 2000.5563186015795
    },
    "R2D": {
        "upper_err": 1998.1495094228264,
        "upper": 1998.1133328207966,
        "lower": 1998.0048030147072,
        "lower_err": 1997.9686264126774
    },
    "Z2A": {
        "upper_err": 2008.0485773264775,
        "upper": 2007.2833224955862,
        "lower": 2004.987558002912,
        "lower_err": 2004.2223031720207
    },
    "Z2B": {
        "upper_err": 2007.351334455006,
        "upper": 2007.2268567503045,
        "lower": 2006.8534236361995,
        "lower_err": 2006.728945931498
    },
    "Z2C": {
        "upper_err": 2009.0177911701942,
        "upper": 2008.9307734205274,
        "lower": 2008.6697201715267,
        "lower_err": 2008.58270242186
    },
    "Z2D": {
        "upper_err": 2003.676077368442,
        "upper": 2003.5912646468912,
        "lower": 2003.3368264822386,
        "lower_err": 2003.2520137606878
    },
    "B3A": {
        "upper_err": 4.5,
        "upper": 4,
        "lower": 1.5,
        "lower_err": 1
    },
    "B3B": {
        "upper_err": 4.5,
        "upper": 4,
        "lower": 1.5,
        "lower_err": 1
    },
    "B3C": {
        "upper_err": 4.5,
        "upper": 4,
        "lower": 1.5,
        "lower_err": 1
    },
    "B3D": {
        "upper_err": 4.5,
        "upper": 4,
        "lower": 1.5,
        "lower_err": 1
    },
    "R3A": {
        "upper_err": 4.5,
        "upper": 4,
        "lower": 1.5,
        "lower_err": 1
    },
    "R3B": {
        "upper_err": 4.5,
        "upper": 4,
        "lower": 1.5,
        "lower_err": 1
    },
    "R3C": {
        "upper_err": 4.5,
        "upper": 4,
        "lower": 1.5,
        "lower_err": 1
    },
    "R3D": {
        "upper_err": 4.5,
        "upper": 4,
        "lower": 1.5,
        "lower_err": 1
    },
    "Z3A": {
        "upper_err": 4.5,
        "upper": 4,
        "lower": 1.5,
        "lower_err": 1
    },
    "Z3B": {
        "upper_err": 4.5,
        "upper": 4,
        "lower": 1.5,
        "lower_err": 1
    },
    "Z3C": {
        "upper_err": 4.5,
        "upper": 4,
        "lower": 1.5,
        "lower_err": 1
    },
    "Z3D": {
        "upper_err": 4.5,
        "upper": 4,
        "lower": 1.5,
        "lower_err": 1
    },
    "B4A": {
        "upper_err": 4.5,
        "upper": 4,
        "lower": 1.5,
        "lower_err": 1
    },
    "B4B": {
        "upper_err": 4.5,
        "upper": 4,
        "lower": 1.5,
        "lower_err": 1
    },
    "B4C": {
        "upper_err": 4.5,
        "upper": 4,
        "lower": 1.5,
        "lower_err": 1
    },
    "B4D": {
        "upper_err": 4.5,
        "upper": 4,
        "lower": 1.5,
        "lower_err": 1
    },
    "R4A": {
        "upper_err": 4.5,
        "upper": 4,
        "lower": 1.5,
        "lower_err": 1
    },
    "R4B": {
        "upper_err": 4.5,
        "upper": 4,
        "lower": 1.5,
        "lower_err": 1
    },
    "R4C": {
        "upper_err": 4.5,
        "upper": 4,
        "lower": 1.5,
        "lower_err": 1
    },
    "R4D": {
        "upper_err": 4.5,
        "upper": 4,
        "lower": 1.5,
        "lower_err": 1
    },
    "Z4A": {
        "upper_err": 4.5,
        "upper": 4,
        "lower": 1.5,
        "lower_err": 1
    },
    "Z4B": {
        "upper_err": 4.5,
        "upper": 4,
        "lower": 1.5,
        "lower_err": 1
    },
    "Z4C": {
        "upper_err": 4.5,
        "upper": 4,
        "lower": 1.5,