{"B0A": {"upper_err": 1145.0568550121932, "upper": 1144.9117060219596, "lower": 1144.4036845561423, "lower_err": 1144.2585355659087}, "B0B": {"upper_err": 1149.0826949218133, "upper": 1148.9825648692693, "lower": 1148.6321096853646, "lower_err": 1148.5319796328206}, "B0C": {"upper_err": 1137.368135012596, "upper": 1137.2552320275713, "lower": 1136.8600715799848, "lower_err": 1136.7471685949602}, "B0D": {"upper_err": 1114.235998185073, "upper": 1114.0939278668122, "lower": 1113.5966817529, "lower_err": 1113.4546114346392}, "R0A": {"upper_err": 1960.3185943216308, "upper": 1960.2125380067475, "lower": 1959.8413409046564, "lower_err": 1959.735284589773}, "R0B": {"upper_err": 1965.2171399142437, "upper": 1965.1743874494014, "lower": 1965.0247538224526, "lower_err": 1964.9820013576102}, "R0C": {"upper_err": 1949.7286253811044, "upper": 1949.6721935759936, "lower": 1949.4746822581062, "lower_err": 1949.4182504529954}, "R0D": {"upper_err": 1984.9413605234645, "upper": 1984.9044914357723, "lower": 1984.7754496288499, "lower_err": 1984.7385805411577}, "Z0A": {"upper_err": 1961.6758613336751, "upper": 1961.5503374615691, "lower": 1961.1110039091986, "lower_err": 1960.9854800370927}, "Z0B": {"upper_err": 1994.3894575433571, "upper": 1994.3054358546033, "lower": 1994.0113599439646, "lower_err": 1993.9273382552108}, "Z0C": {"upper_err": 1966.7801271354435, "upper": 1966.712210390184, "lower": 1966.474501781776, "lower_err": 1966.4065850365166}, "Z0D": {"upper_err": 1979.9646980526684, "upper": 1979.9107622953165, "lower": 1979.7219871445855, "lower_err": 1979.6680513872336}, "B1A": {"upper_err": 1189.6490236268853, "upper": 1189.5655007846067, "lower": 1189.2731708366314, "lower_err": 1189.1896479943528}, "B1B": {"upper_err": 1411.9097204042566, "upper": 1411.8443541781103, "lower": 1411.6155723865977, "lower_err": 1411.5502061604514}, "B1C": {"upper_err": 1181.8975219655383, "upper": 1181.7811542221746, "lower": 1181.3738671204017, "lower_err": 1181.257499377038}, "B1D": {"upper_err": 1164.9735566561149, "upper": 1164.865451337353, "lower": 1164.4870827216869, "lower_err": 1164.378977402925}, "R1A": {"upper_err": 1984.664057906093, "upper": 1984.607721114426, "lower": 1984.4105423435917, "lower_err": 1984.354205551925}, "R1B": {"upper_err": 1980.830418922185, "upper": 1980.7690917652308, "lower": 1980.5544467158911, "lower_err": 1980.493119558937}, "R1C": {"upper_err": 1966.16551401084, "upper": 1966.1320874863989, "lower": 1966.015094650855, "lower_err": 1965.9816681264138}, "R1D": {"upper_err": 1987.8617143827291, "upper": 1987.828925284602, "lower": 1987.7141634411578, "lower_err": 1987.6813743430307}, "Z1A": {"upper_err": 1916.0428259734806, "upper": 1915.7945118250975, "lower": 1914.9254123057565, "lower_err": 1914.6770981573734}, "Z1B": {"upper_err": 1955.6770106938845, "upper": 1955.63726512797, "lower": 1955.49815564727, "lower_err": 1955.4584100813556}, "Z1C": {"upper_err": 1933.9860379335678, "upper": 1932.7337821717704, "lower": 1928.3508870054795, "lower_err": 1927.0986312436821}, "Z1D": {"upper_err": 1934.3342403039196, "upper": 1934.26717198959, "lower": 1934.032432889436, "lower_err": 1933.9653645751064}, "B2A": {"upper_err": 1205.8997518185636, "upper": 1205.740447590313, "lower": 1205.1828827914353, "lower_err": 1205.0235785631846}, "B2B": {"upper_err": 1215.070908621392, "upper": 1214.889679117142, "lower": 1214.2553758522663, "lower_err": 1214.0741463480163}, "B2C": {"upper_err": 1192.9104003197037, "upper": 1192.7440732553973, "lower": 1192.1619285303245, "lower_err": 1191.9956014660181}, "B2D": {"upper_err": 1179.4310394973313, "upper": 1179.2752985470752, "lower": 1178.730205221179, "lower_err": 1178.5744642709228}, "R2A": {"upper_err": 1969.912390762708, "upper": 1969.8005023072246, "lower": 1969.4088927130333, "lower_err": 1969.29700425755}, "R2B": {"upper_err": 1985.9136135576273, "upper": 1985.8433330291243, "lower": 1985.5973511793638, "lower_err": 1985.5270706508609}, "R2C": {"upper_err": 1956.2368530107012, "upper": 1956.114961076727, "lower": 1955.688339307817, "lower_err": 1955.5664473738427}, "R2D": {"upper_err": 1998.553997994686, "upper": 1998.5002397434862, "lower": 1998.3120858642876, "lower_err": 1998.2583276130879}, "Z2A": {"upper_err": 1968.0015990002535, "upper": 1967.8194510817607, "lower": 1967.1819333670355, "lower_err": 1966.9997854485428}, "Z2B": {"upper_err": 1995.8834224048778, "upper": 1995.8294396403196, "lower": 1995.6404999643662, "lower_err": 1995.586517199808}, "Z2C": {"upper_err": 1985.6939081772198, "upper": 1985.525611032121, "lower": 1984.936571024275, "lower_err": 1984.7682738791764}, "Z2D": {"upper_err": 1991.9069721922526, "upper": 1991.8608259980247, "lower": 1991.6993143182272, "lower_err": 1991.6531681239992}, "B3A": {"upper_err": 1197.9826598301165, "upper": 1197.9224309707665, "lower": 1197.7116299630416, "lower_err": 1197.6514011036916}, "B3B": {"upper_err": 1197.6638957802097, "upper": 1197.5933175984644, "lower": 1197.3462939623557, "lower_err": 1197.2757157806104}, "B3C": {"upper_err": 1189.8959844759304, "upper": 1189.8436708110787, "lower": 1189.6605729840974, "lower_err": 1189.6082593192457}, "B3D": {"upper_err": 1180.087911122889, "upper": 1180.0274890432977, "lower": 1179.8160117647283, "lower_err": 1179.755589685137}, "R3A": {"upper_err": 1978.7314913389064, "upper": 1978.381391899383, "lower": 1977.156043861051, "lower_err": 1976.8059444215278}, "R3B": {"upper_err": 1987.7479401120038, "upper": 1987.38262501425, "lower": 1986.104022172112, "lower_err": 1985.7387070743582}, "R3C": {"upper_err": 1966.919773602704, "upper": 1966.861610561316, "lower": 1966.6580399164582, "lower_err": 1966.59987687507}, "R3D": {"upper_err": 1994.3184979639714, "upper": 1994.2729338490933, "lower": 1994.1134594470207, "lower_err": 1994.0678953321426}, "Z3A": {"upper_err": 1962.887876096067, "upper": 1962.8222478548519, "lower": 1962.5925490105983, "lower_err": 1962.5269207693832}, "Z3B": {"upper_err": 1995.4035129971892, "upper": 1995.304152899355, "lower": 1994.956392556935, "lower_err": 1994.8570324591008}, "Z3C": {"upper_err": 1978.3932415189608, "upper": 1978.3137432692429, "lower": 1978.0354993952292, "lower_err": 1977.9560011455112}, "Z3D": {"upper_err": 1980.1663952737267, "upper": 1980.0954163119698, "lower": 1979.8469899458203, "lower_err": 1979.7760109840633}, "B4A": {"upper_err": 1207.1037321589213, "upper": 1207.0357464804943, "lower": 1206.7977966059998, "lower_err": 1206.7298109275728}, "B4B": {"upper_err": 1199.3911455224647, "upper": 1199.3240873595817, "lower": 1199.0893837894903, "lower_err": 1199.0223256266072}, "B4C": {"upper_err": 1179.8873385150648, "upper": 1179.8230992161514, "lower": 1179.5982616699546, "lower_err": 1179.5340223710411}, "B4D": {"upper_err": 1181.7931806547094, "upper": 1181.7353067240047, "lower": 1181.5327479665375, "lower_err": 1181.4748740358327}, "R4A": {"upper_err": 1982.7505258539209, "upper": 1982.6800946258388, "lower": 1982.4335853275513, "lower_err": 1982.3631540994693}, "R4B": {"upper_err": 1989.7801380307944, "upper": 1989.7102564753864, "lower": 1989.4656710314575, "lower_err": 1989.3957894760495}, "R4C": {"upper_err": 1977.1685806223575, "upper": 1977.1138667777082, "lower": 1976.922368321436, "lower_err": 1976.8676544767866}, "R4D": {"upper_err": 1998.5573356859497, "upper": 1998.5001601327274, "lower": 1998.3000456964485, "lower_err": 1998.2428701432261}, "Z4A": {"upper_err": 1970.5313311950558, "upper": 1970.2846681724266, "lower": 1969.4213475932236, "lower_err": 1969.1746845705943}, "Z4B": {"upper_err": 1999.1200548697595, "upper": 1999.0538733513204, "lower": 1998.8222380367838, "lower_err": 1998.7560565183446}, "Z4C": {"upper_err": 1986.815928726514, "upper": 1986.6296320209328, "lower": 1985.9775935513992, "lower_err": 1985.7912968458181}, "Z4D": {"upper_err": 1986.5955399845832, "upper": 1986.5274752702653, "lower": 1986.2892487701529, "lower_err": 1986.221184055835}, "B5A": {"upper_err": 1373.8829570353016, "upper": 1373.6932186338922,