{
    "lower": 3.5749807868236587,
    "upper": 78.45396228158695
}