{
    "R": {
        "lower_err": 4.880740020712315,
        "lower": 5.04920237337477,
        "upper": 75.75049275775979,
        "upper_err": 99.13253361717676
    },
    "B": {
        "lower_err": 0.0,
        "lower": 0.0,
        "upper": 31.261139496730628,
        "upper_err": 46.48711403976702
    },
    "Z": {
        "lower_err": 0.0,
        "lower": 5.04909561756891,
        "upper": 174.21797420567083,
        "upper_err": 191.19929794384203
    }
}