{
    "R": {
        "lower_err": 11.463940346261156,
        "lower": 11.622731931268735,
        "upper": 105.23713481835321,
        "upper_err": 105.23853854443043
    },
    "B": {
        "lower_err": 2.793457286037496,
        "lower": 3.1949119769858108,
        "upper": 25.302529871177274,
        "upper_err": 25.302904395242894
    },
    "Z": {
        "lower_err": 11.447626213143481,
        "lower": 11.447994227411373,
        "upper": 39.86057201447789,
        "upper_err": 40.40075636367172
    }
}