{
    "p10": 10.420565888771097,
    "p90": 37.477459783602825
}