{
    "lower_err": 2.870681050597613,
    "lower": 3.5749807868236587,
    "upper": 78.45396228158695,
    "upper_err": 81.28061597992544
}