{"R": {"lower_err": -0.46511199846075535, "lower": -0.5664374860789847, "upper": 0.5664374860789847, "upper_err": 0.36908882255525344}, "B": {"lower_err": -0.10524515223402417, "lower": -1.2668461578785108, "upper": 1.2668461578785108, "upper_err": 0.08820733588598986}, "Z": {"lower_err": -0.763628996833701, "lower": -0.3663194754952913, "upper": 0.3663194754952913, "upper_err": 0.4030025554591502}}