{
    "R": {
        "lower_err": -0.1742831624355965,
        "lower": -0.14740575820941093,
        "upper": 0.14740575820941093,
        "upper_err": -0.1210292865592475
    },
    "B": {
        "lower_err": 0.3381080107357679,
        "lower": -0.377598497472037,
        "upper": 0.377598497472037,
        "upper_err": 0.42723178566242836
    },
    "Z": {
        "lower_err": -0.09220748098547205,
        "lower": -0.05346097556905076,
        "upper": 0.05346097556905076,
        "upper_err": -0.029953572689942476
    }
}