{
    "R": {
        "lower_err": -0.05400678187970698,
        "lower": -0.00225838084411074,
        "upper": 0.00225838084411074,
        "upper_err": 0.037924531625833424
    },
    "B": {
        "lower_err": -0.07037269880015629,
        "lower": -0.009560284291939756,
        "upper": 0.009560284291939756,
        "upper_err": 0.02616109709549619
    },
    "Z": {
        "lower_err": -0.06073201756862545,
        "lower": -0.00234237641708571,
        "upper": 0.00234237641708571,
        "upper_err": 0.0331086104093572
    }
}