{"R": {"lower_err": -2.7624215382888866, "lower": -0.1043276895945654, "upper": 0.1043276895945654, "upper_err": 3.5753945380421692}, "B": {"lower_err": -43.59977134327941, "lower": -9.840555932449087, "upper": 9.840555932449087, "upper_err": 30.351833110838243}, "Z": {"lower_err": -0.4522089614378586, "lower": -0.025498216311753565, "upper": 0.025498216311753565, "upper_err": 0.7283930815137343}}