{
    "B0A": {
        "upper": 4.271241535716351,
        "lower": 4.262444429313222
    },
    "B0B": {
        "upper": 2.9859506315523436,
        "lower": 2.9800734721081783
    },
    "B0C": {
        "upper": 3.6032564147407666,
        "lower": 3.596800462194777
    },
    "B0D": {
        "upper": 3.0109373416328484,
        "lower": 3.0072722609467535
    },
    "R0A": {
        "upper": 2.6354899826251703,
        "lower": 2.6302025477624067
    },
    "R0B": {
        "upper": 2.6325829418566222,
        "lower": 2.631189954883828
    },
    "R0C": {
        "upper": 2.4638521112848704,
        "lower": 2.459348251203222
    },
    "R0D": {
        "upper": 2.3544442215510313,
        "lower": 2.3528168151720554
    },
    "Z0A": {
        "upper": 2.3241572467206795,
        "lower": 2.323376928694397
    },
    "Z0B": {
        "upper": 2.166056136030331,
        "lower": 2.1634255281969272
    },
    "Z0C": {
        "upper": 2.6176939564364545,
        "lower": 2.613961113658733
    },
    "Z0D": {
        "upper": 2.4899489211245185,
        "lower": 2.4842428604293567
    },
    "B1A": {
        "upper": null,
        "lower": null
    },
    "B1B": {
        "upper": null,
        "lower": null
    },
    "B1C": {
        "upper": null,
        "lower": null
    },
    "B1D": {
        "upper": null,
        "lower": null
    },
    "R1A": {
        "upper": null,
        "lower": null
    },
    "R1B": {
        "upper": null,
        "lower": null
    },
    "R1C": {
        "upper": null,
        "lower": null
    },
    "R1D": {
        "upper": null,
        "lower": null
    },
    "Z1A": {
        "upper": null,
        "lower": null
    },
    "Z1B": {
        "upper": null,
        "lower": null
    },
    "Z1C": {
        "upper": null,
        "lower": null
    },
    "Z1D": {
        "upper": null,
        "lower": null
    },
    "B2A": {
        "upper": 4.859590108699857,
        "lower": 4.8082886728364755
    },
    "B2B": {
        "upper": 2.9342190640078663,
        "lower": 2.863976788118669
    },
    "B2C": {
        "upper": 3.415374367399829,
        "lower": 3.3485916302354126
    },
    "B2D": {
        "upper": 3.1548582872267943,
        "lower": 3.083645268339543
    },
    "R2A": {
        "upper": 2.9909536132280765,
        "lower": 2.984680857645075
    },
    "R2B": {
        "upper": 2.765696855007802,
        "lower": 2.7606532160147537
    },
    "R2C": {
        "upper": 2.584530132590312,
        "lower": 2.5744214562726
    },
    "R2D": {
        "upper": 2.4566609040716805,
        "lower": 2.452284738027877
    },
    "Z2A": {
        "upper": 2.2827705061802033,
        "lower": 2.2577358918882555
    },
    "Z2B": {
        "upper": 2.266541614235943,
        "lower": 2.2395005510003685
    },
    "Z2C": {
        "upper": 2.6992074873115404,
        "lower": 2.6864348944931
    },
    "Z2D": {
        "upper": 2.4639058860894334,
        "lower": 2.451620874095229
    },
    "B3A": {
        "upper": null,
        "lower": null
    },
    "B3B": {
        "upper": null,
        "lower": null
    },
    "B3C": {
        "upper": null,
        "lower": null
    },
    "B3D": {
        "upper": null,
        "lower": null
    },
    "R3A": {
        "upper": null,
        "lower": null
    },
    "R3B": {
        "upper": null,
        "lower": null
    },
    "R3C": {
        "upper": null,
        "lower": null
    },
    "R3D": {
        "upper": null,
        "lower": null
    },
    "Z3A": {
        "upper": null,
        "lower": null
    },
    "Z3B": {
        "upper": null,
        "lower": null
    },
    "Z3C": {
        "upper": null,
        "lower": null
    },
    "Z3D": {
        "upper": null,
        "lower": null
    },
    "B4A": {
        "upper": null,
        "lower": null
    },
    "B4B": {
        "upper": null,
        "lower": null
    },
    "B4C": {
        "upper": null,
        "lower": null
    },
    "B4D": {
        "upper": null,
        "lower": null
    },
    "R4A": {
        "upper": null,
        "lower": null
    },
    "R4B": {
        "upper": null,
        "lower": null
    },
    "R4C": {
        "upper": null,
        "lower": null
    },
    "R4D": {
        "upper": null,
        "lower": null
    },
    "Z4A": {
        "upper": null,
        "lower": null
    },
    "Z4B": {
        "upper": null,
        "lower": null
    },
    "Z4C": {
        "upper": null,
        "lower": null
    },
    "Z4D": {
        "upper": null,
        "lower": null
    },
    "B5A": {
        "upper": null,
        "lower": null
    },
    "B5B": {
        "upper": null,
        "lower": null
    },
    "B5C": {
        "upper": null,
        "lower": null
    },
    "B5D": {
        "upper": null,
        "lower": null
    },
    "R5A": {
        "upper": null,
        "lower": null
    },
    "R5B": {
        "upper": null,
        "lower": null
    },
    "R5C": {
        "upper": null,
        "lower": null
    },
    "R5D": {
        "upper": null,
        "lower": null
    },
    "Z5A": {
        "upper": null,
        "lower": null
    },
    "Z5B": {
        "upper": null,
        "lower": null
    },
    "Z5C": {
        "upper": null,
        "lower": null
    },
    "Z5D": {
        "upper": null,
        "lower": null
    },
    "B6A": {
        "upper": null,
        "lower": null
    },
    "B6B": {
        "upper": null,
        "lower": null
    },
    "B6C": {
        "upper": null,
        "lower": null
    },
    "B6D": {
        "upper": null,
        "lower": null
    },
    "R6A": {
        "upper": null,
        "lower": null
    },
    "R6B": {
        "upper": null,
        "lower": null
    },
    "R6C": {
        "upper": null,
        "lower": null
    },
    "R6D": {
        "upper": null,
        "lower": null
    },
    "Z6A": {
        "upper": null,
        "lower": null
    },
    "Z6B": {
        "upper": null,
        "lower": null
    },
    "Z6C": {
        "upper": null,
        "lower": null
    },
    "Z6D": {
        "upper": null,
        "lower": null
    },
    "B7A": {
        "upper": null,
        "lower": null
    },
    "B7B": {
        "upper": null,
        "lower": null
    },
    "B7C": {
        "upper": null,
        "lower": null
    },
    "B7D": {
        "upper": null,
        "lower": null
    },
    "R7A": {
        "upper": null,
        "lower": null
    },
    "R7B": {
        "upper": null,
        "lower": null
    },
    "R7C": {
        "upper": null,
        "lower": null
    },
    "R7D": {
        "upper": null,
        "lower": null
    },
    "Z7A": {
        "upper": null,
        "lower": null
    },
    "Z7B": {
        "upper": null,
        "lower": null
    },
    "Z7C": {
        "upper": null,
        "lower": null
    },
    "Z7D": {
        "upper": null,
        "lower": null
    },
    "B8A": {
        "upper": null,
        "lower": null
    },
    "B8B": {
        "upper": null,
        "lower": null
    },
    "B8C": {
        "upper": null,
        "lower": null
    },
    "B8D": {
        "upper": null,
        "lower": null
    },
    "R8A": {
        "upper": null,
        "lower": null
    },
    "R8B": {
        "upper": null,
        "lower": null
    },
    "R8C": {
        "upper": null,
        "lower": null
    },
    "R8D": {
        "upper": null,
        "lower": null
    },
    "Z8A": {
        "upper": null,
        "lower": null
    },
    "Z8B": {
        "upper": null,
        "lower": null
    },
    "Z8C": {
        "upper": null,
        "lower": null
    },
    "Z8D": {
        "upper": null,
        "lower": null
    },
    "B9A": {
        "upper": null,
        "lower": null
    },
    "B9B": {
        "upper": null,
        "lower": null
    },
    "B9C": {
        "upper": null,
        "lower": null
    },
    "B9D": {
        "upper": null,
        "lower": null
    },
    "R9A": {
        "upper": null,
        "lower": null
    },