{
    "B0A": {
        "upper_err": 4.293234301724177,
        "upper": 4.275640088917917,
        "lower": 4.258045876111656,
        "lower_err": 4.240451663305396
    },
    "B0B": {
        "upper_err": 3.0006435301627565,
        "upper": 2.9888892112744263,
        "lower": 2.9771348923860956,
        "lower_err": 2.9653805734977654
    },
    "B0C": {
        "upper_err": 3.6193962961057404,
        "upper": 3.6064843910137614,
        "lower": 3.5935724859217824,
        "lower_err": 3.5806605808298033
    },
    "B0D": {
        "upper_err": 3.020100043348086,
        "upper": 3.012769881975896,
        "lower": 3.005439720603706,
        "lower_err": 2.998109559231516
    },
    "R0A": {
        "upper_err": 2.648708569782078,
        "upper": 2.6381337000565517,
        "lower": 2.6275588303310253,
        "lower_err": 2.616983960605499
    },
    "R0B": {
        "upper_err": 2.6360654092886073,
        "upper": 2.6332794353430193,
        "lower": 2.630493461397431,
        "lower_err": 2.627707487451843
    },
    "R0C": {
        "upper_err": 2.47511176148899,
        "upper": 2.466104041325694,
        "lower": 2.4570963211623984,
        "lower_err": 2.4480886009991023
    },
    "R0D": {
        "upper_err": 2.358512737498472,
        "upper": 2.3552579247405196,
        "lower": 2.352003111982567,
        "lower_err": 2.348748299224615
    },
    "Z0A": {
        "upper_err": 2.3261080417863846,
        "upper": 2.3245474057338202,
        "lower": 2.3229867696812563,
        "lower_err": 2.321426133628692
    },
    "Z0B": {
        "upper_err": 2.172632655613841,
        "upper": 2.167371439947033,
        "lower": 2.1621102242802253,
        "lower_err": 2.1568490086134173
    },
    "Z0C": {
        "upper_err": 2.62702606338076,
        "upper": 2.619560377825316,
        "lower": 2.6120946922698716,
        "lower_err": 2.6046290067144273
    },
    "Z0D": {
        "upper_err": 2.5042140728624234,
        "upper": 2.4928019514720994,
        "lower": 2.481389830081776,
        "lower_err": 2.469977708691452
    },
    "B1A": {
        "upper_err": null,
        "upper": null,
        "lower": null,
        "lower_err": null
    },
    "B1B": {
        "upper_err": null,
        "upper": null,
        "lower": null,
        "lower_err": null
    },
    "B1C": {
        "upper_err": null,
        "upper": null,
        "lower": null,
        "lower_err": null
    },
    "B1D": {
        "upper_err": null,
        "upper": null,
        "lower": null,
        "lower_err": null
    },
    "R1A": {
        "upper_err": null,
        "upper": null,
        "lower": null,
        "lower_err": null
    },
    "R1B": {
        "upper_err": null,
        "upper": null,
        "lower": null,
        "lower_err": null
    },
    "R1C": {
        "upper_err": null,
        "upper": null,
        "lower": null,
        "lower_err": null
    },
    "R1D": {
        "upper_err": null,
        "upper": null,
        "lower": null,
        "lower_err": null
    },
    "Z1A": {
        "upper_err": null,
        "upper": null,
        "lower": null,
        "lower_err": null
    },
    "Z1B": {
        "upper_err": null,
        "upper": null,
        "lower": null,
        "lower_err": null
    },
    "Z1C": {
        "upper_err": null,
        "upper": null,
        "lower": null,
        "lower_err": null
    },
    "Z1D": {
        "upper_err": null,
        "upper": null,
        "lower": null,
        "lower_err": null
    },
    "B2A": {
        "upper_err": 4.9878436983583105,
        "upper": 4.885240826631548,
        "lower": 4.782637954904785,
        "lower_err": 4.680035083178022
    },
    "B2B": {
        "upper_err": 3.1098247537308596,
        "upper": 2.969340201952465,
        "lower": 2.8288556501740705,
        "lower_err": 2.6883710983956757
    },
    "B2C": {
        "upper_err": 3.582331210310871,
        "upper": 3.4487657359820374,
        "lower": 3.3152002616532044,
        "lower_err": 3.181634787324371
    },
    "B2D": {
        "upper_err": 3.332890834444923,
        "upper": 3.1904647966704203,
        "lower": 3.0480387588959172,
        "lower_err": 2.9056127211214147
    },
    "R2A": {
        "upper_err": 3.00663550218558,
        "upper": 2.9940899910195773,
        "lower": 2.981544479853574,
        "lower_err": 2.9689989686875715
    },
    "R2B": {
        "upper_err": 2.7783059524904226,
        "upper": 2.7682186745043262,
        "lower": 2.7581313965182295,
        "lower_err": 2.748044118532133
    },
    "R2C": {
        "upper_err": 2.6098018233845903,
        "upper": 2.5895844707491675,
        "lower": 2.5693671181137447,
        "lower_err": 2.549149765478322
    },
    "R2D": {
        "upper_err": 2.4676013191811896,
        "upper": 2.4588489870935826,
        "lower": 2.450096655005975,
        "lower_err": 2.441344322918368
    },
    "Z2A": {
        "upper_err": 2.345357041910072,
        "upper": 2.295287813326177,
        "lower": 2.2452185847422816,
        "lower_err": 2.1951493561583866
    },
    "Z2B": {
        "upper_err": 2.334144272324881,
        "upper": 2.280062145853731,
        "lower": 2.2259800193825807,
        "lower_err": 2.1718978929114305
    },
    "Z2C": {
        "upper_err": 2.7311389693576418,
        "upper": 2.7055937837207606,
        "lower": 2.6800485980838795,
        "lower_err": 2.6545034124469984
    },
    "Z2D": {
        "upper_err": 2.4946184160749443,
        "upper": 2.4700483920865355,
        "lower": 2.445478368098127,
        "lower_err": 2.4209083441097183
    },
    "B3A": {
        "upper_err": null,
        "upper": null,
        "lower": null,
        "lower_err": null
    },
    "B3B": {
        "upper_err": null,
        "upper": null,
        "lower": null,
        "lower_err": null
    },
    "B3C": {
        "upper_err": null,
        "upper": null,
        "lower": null,
        "lower_err": null
    },
    "B3D": {
        "upper_err": null,
        "upper": null,
        "lower": null,
        "lower_err": null
    },
    "R3A": {
        "upper_err": null,
        "upper": null,
        "lower": null,
        "lower_err": null
    },
    "R3B": {
        "upper_err": null,
        "upper": null,
        "lower": null,
        "lower_err": null
    },
    "R3C": {
        "upper_err": null,
        "upper": null,
        "lower": null,
        "lower_err": null
    },
    "R3D": {
        "upper_err": null,
        "upper": null,
        "lower": null,
        "lower_err": null
    },
    "Z3A": {
        "upper_err": null,
        "upper": null,
        "lower": null,
        "lower_err": null
    },
    "Z3B": {
        "upper_err": null,
        "upper": null,
        "lower": null,
        "lower_err": null
    },
    "Z3C": {
        "upper_err": null,
        "upper": null,
        "lower": null,
        "lower_err": null
    },
    "Z3D": {
        "upper_err": null,
        "upper": null,
        "lower": null,
        "lower_err": null
    },
    "B4A": {
        "upper_err": null,
        "upper": null,
        "lower": null,
        "lower_err": null
    },
    "B4B": {
        "upper_err": null,
        "upper": null,
        "lower": null,
        "lower_err": null
    },
    "B4C": {
        "upper_err": null,
        "upper": null,
        "lower": null,
        "lower_err": null
    },
    "B4D": {
        "upper_err": null,
        "upper": null,
        "lower": null,
        "lower_err": null
    },
    "R4A": {
        "upper_err": null,
        "upper": null,
        "lower": null,
        "lower_err": null
    },
    "R4B": {
        "upper_err": null,
        "upper": null,
        "lower": null,
        "lower_err": null
    },
    "R4C": {
        "upper_err": null,
        "upper": null,
        "lower": null,
        "lower_err": null
    },
    "R4D": {
        "upper_err": null,
        "upper": null,
        "lower": null,
        "lower_err": null
    },