{"R": {"lower_err": -0.010769963264465332, "lower": -1.530664175748825, "upper": 1.530664175748825, "upper_err": 0.02018299698829651}, "B": {"lower_err": -0.055388644337654114, "lower": -1.4907105267047882, "upper": 1.4907105267047882, "upper_err": 0.06509757041931152}, "Z": {"lower_err": -0.00652661919593811, "lower": -1.542157620191574, "upper": 1.542157620191574, "upper_err": 0.0103054940700531}}