{"B0A": {"upper_err": 1146.657695289051, "upper": 1145.657695289051, "lower": 1143.657695289051, "lower_err": 1142.657695289051}, "B0B": {"upper_err": 1150.807337277317, "upper": 1149.807337277317, "lower": 1147.807337277317, "lower_err": 1146.807337277317}, "B0C": {"upper_err": 1139.057651803778, "upper": 1138.057651803778, "lower": 1136.057651803778, "lower_err": 1135.057651803778}, "B0D": {"upper_err": 1115.845304809856, "upper": 1114.845304809856, "lower": 1112.845304809856, "lower_err": 1111.845304809856}, "R0A": {"upper_err": 1962.026939455702, "upper": 1961.026939455702, "lower": 1959.026939455702, "lower_err": 1958.026939455702}, "R0B": {"upper_err": 1967.099570635927, "upper": 1966.099570635927, "lower": 1964.099570635927, "lower_err": 1963.099570635927}, "R0C": {"upper_err": 1951.57343791705, "upper": 1950.57343791705, "lower": 1948.57343791705, "lower_err": 1947.57343791705}, "R0D": {"upper_err": 1986.839970532311, "upper": 1985.839970532311, "lower": 1983.839970532311, "lower_err": 1982.839970532311}, "Z0A": {"upper_err": 1963.330670685384, "upper": 1962.330670685384, "lower": 1960.330670685384, "lower_err": 1959.330670685384}, "Z0B": {"upper_err": 1996.158397899284, "upper": 1995.158397899284, "lower": 1993.158397899284, "lower_err": 1992.158397899284}, "Z0C": {"upper_err": 1968.59335608598, "upper": 1967.59335608598, "lower": 1965.59335608598, "lower_err": 1964.59335608598}, "Z0D": {"upper_err": 1981.816374719951, "upper": 1980.816374719951, "lower": 1978.816374719951, "lower_err": 1977.816374719951}, "B1A": {"upper_err": 1191.419335810619, "upper": 1190.419335810619, "lower": 1188.419335810619, "lower_err": 1187.419335810619}, "B1B": {"upper_err": 1413.729963282354, "upper": 1412.729963282354, "lower": 1410.729963282354, "lower_err": 1409.729963282354}, "B1C": {"upper_err": 1183.577510671288, "upper": 1182.577510671288, "lower": 1180.577510671288, "lower_err": 1179.577510671288}, "B1D": {"upper_err": 1166.67626702952, "upper": 1165.67626702952, "lower": 1163.67626702952, "lower_err": 1162.67626702952}, "R1A": {"upper_err": 1986.509131729009, "upper": 1985.509131729009, "lower": 1983.509131729009, "lower_err": 1982.509131729009}, "R1B": {"upper_err": 1982.661769240561, "upper": 1981.661769240561, "lower": 1979.661769240561, "lower_err": 1978.661769240561}, "R1C": {"upper_err": 1968.073591068627, "upper": 1967.073591068627, "lower": 1965.073591068627, "lower_err": 1964.073591068627}, "R1D": {"upper_err": 1989.77154436288, "upper": 1988.77154436288, "lower": 1986.77154436288, "lower_err": 1985.77154436288}, "Z1A": {"upper_err": 1917.359962065427, "upper": 1916.359962065427, "lower": 1914.359962065427, "lower_err": 1913.359962065427}, "Z1B": {"upper_err": 1957.56771038762, "upper": 1956.56771038762, "lower": 1954.56771038762, "lower_err": 1953.56771038762}, "Z1C": {"upper_err": 1932.542334588625, "upper": 1931.542334588625, "lower": 1929.542334588625, "lower_err": 1928.542334588625}, "Z1D": {"upper_err": 1936.149802439513, "upper": 1935.149802439513, "lower": 1933.149802439513, "lower_err": 1932.149802439513}, "B2A": {"upper_err": 1207.461665190874, "upper": 1206.461665190874, "lower": 1204.461665190874, "lower_err": 1203.461665190874}, "B2B": {"upper_err": 1216.572527484704, "upper": 1215.572527484704, "lower": 1213.572527484704, "lower_err": 1212.572527484704}, "B2C": {"upper_err": 1194.453000892861, "upper": 1193.453000892861, "lower": 1191.453000892861, "lower_err": 1190.453000892861}, "B2D": {"upper_err": 1181.002751884127, "upper": 1180.002751884127, "lower": 1178.002751884127, "lower_err": 1177.002751884127}, "R2A": {"upper_err": 1971.604697510129, "upper": 1970.604697510129, "lower": 1968.604697510129, "lower_err": 1967.604697510129}, "R2B": {"upper_err": 1987.720342104244, "upper": 1986.720342104244, "lower": 1984.720342104244, "lower_err": 1983.720342104244}, "R2C": {"upper_err": 1957.901650192272, "upper": 1956.901650192272, "lower": 1954.901650192272, "lower_err": 1953.901650192272}, "R2D": {"upper_err": 2000.406162803887, "upper": 1999.406162803887, "lower": 1997.406162803887, "lower_err": 1996.406162803887}, "Z2A": {"upper_err": 1969.500692224398, "upper": 1968.500692224398, "lower": 1966.500692224398, "lower_err": 1965.500692224398}, "Z2B": {"upper_err": 1997.734969802343, "upper": 1996.734969802343, "lower": 1994.734969802343, "lower_err": 1993.734969802343}, "Z2C": {"upper_err": 1987.231091028198, "upper": 1986.231091028198, "lower": 1984.231091028198, "lower_err": 1983.231091028198}, "Z2D": {"upper_err": 1993.780070158126, "upper": 1992.780070158126, "lower": 1990.780070158126, "lower_err": 1989.780070158126}, "B3A": {"upper_err": 1199.817030466904, "upper": 1198.817030466904, "lower": 1196.817030466904, "lower_err": 1195.817030466904}, "B3B": {"upper_err": 1199.46980578041, "upper": 1198.46980578041, "lower": 1196.46980578041, "lower_err": 1195.46980578041}, "B3C": {"upper_err": 1191.752121897588, "upper": 1190.752121897588, "lower": 1188.752121897588, "lower_err": 1187.752121897588}, "B3D": {"upper_err": 1181.921750404013, "upper": 1180.921750404013, "lower": 1178.921750404013, "lower_err": 1177.921750404013}, "R3A": {"upper_err": 1979.768717880217, "upper": 1978.768717880217, "lower": 1976.768717880217, "lower_err": 1975.768717880217}, "R3B": {"upper_err": 1988.743323593181, "upper": 1987.743323593181, "lower": 1985.743323593181, "lower_err": 1984.743323593181}, "R3C": {"upper_err": 1968.759825238887, "upper": 1967.759825238887, "lower": 1965.759825238887, "lower_err": 1964.759825238887}, "R3D": {"upper_err": 1996.193196648057, "upper": 1995.193196648057, "lower": 1993.193196648057, "lower_err": 1992.193196648057}, "Z3A": {"upper_err": 1964.707398432725, "upper": 1963.707398432725, "lower": 1961.707398432725, "lower_err": 1960.707398432725}, "Z3B": {"upper_err": 1997.130272728145, "upper": 1996.130272728145, "lower": 1994.130272728145, "lower_err": 1993.130272728145}, "Z3C": {"upper_err": 1980.174621332236, "upper": 1979.174621332236, "lower": 1977.174621332236, "lower_err": 1976.174621332236}, "Z3D": {"upper_err": 1981.971203128895, "upper": 1980.971203128895, "lower": 1978.971203128895, "lower_err": 1977.971203128895}, "B4A": {"upper_err": 1208.916771543247, "upper": 1207.916771543247, "lower": 1205.916771543247, "lower_err": 1204.916771543247}, "B4B": {"upper_err": 1201.206735574536, "upper": 1200.206735574536, "lower": 1198.206735574536, "lower_err": 1197.206735574536}, "B4C": {"upper_err": 1181.710680443053, "upper": 1180.710680443053, "lower": 1178.710680443053, "lower_err": 1177.710680443053}, "B4D": {"upper_err": 1183.634027345271, "upper": 1182.634027345271, "lower": 1180.634027345271, "lower_err": 1179.634027345271}, "R4A": {"upper_err": 1984.556839976695, "upper": 1983.556839976695, "lower": 1981.556839976695, "lower_err": 1980.556839976695}, "R4B": {"upper_err": 1991.587963753422, "upper": 1990.587963753422, "lower": 1988.587963753422, "lower_err": 1987.587963753422}, "R4C": {"upper_err": 1979.018117549572, "upper": 1978.018117549572, "lower": 1976.018117549572, "lower_err": 1975.018117549572}, "R4D": {"upper_err": 2000.400102914588, "upper": 1999.400102914588, "lower": 1997.400102914588, "lower_err": 1996.400102914588}, "Z4A": {"upper_err": 1971.853007882825, "upper": 1970.853007882825, "lower": 1968.853007882825, "lower_err": 1967.853007882825}, "Z4B": {"upper_err": 2000.938055694052, "upper": 1999.938055694052, "lower": 1997.938055694052, "lower_err": 1996.938055694052}, "Z4C": {"upper_err": 1988.303612786166, "upper": 1987.303612786166, "lower": 1985.303612786166, "lower_err": 1984.303612786166}, "Z4D": {"upper_err": 1988.408362020209, "upper": 1987.408362020209, "lower": 1985.408362020209, "lower_err": 1984.408362020209}, "B5A": {"upper_err": 1375.361176431426, "upper": 1374.361176431426, "lower": 1372.361176431426, "lower_err": 1371.361176431426}, "B5B": {"upper_err": 1387.663566422061, "upper": 1386.663566422061, "lower": 1384.663566422061, "lower_err": 1383.663566422061},