{"R": {"lower_err":  0, "lower": 1, "upper": 80, "upper_err": 99.13253361717676},
 "B": {"lower_err": -1, "lower": 1, "upper": 41.62925733, "upper_err": 50.86724008},
 "Z": {"lower_err":  0, "lower": 1, "upper": 80, "upper_err": 191.19929794384203}}
