{
    "B0A": {
        "upper_err": 3.837088957356349,
        "upper": 3.747640179546699,
        "lower": 3.4792938461177494,
        "lower_err": 3.3898450683080994
    },
    "B0B": {
        "upper_err": 2.9388367210146242,
        "upper": 2.8532341213279278,
        "lower": 2.5964263222678383,
        "lower_err": 2.510823722581142
    },
    "B0C": {
        "upper_err": 3.3189292022949632,
        "upper": 3.22379863850039,
        "lower": 2.93840694711667,
        "lower_err": 2.8432763833220966
    },
    "B0D": {
        "upper_err": 2.904490214015739,
        "upper": 2.8203262403023026,
        "lower": 2.5678343191619937,
        "lower_err": 2.4836703454485574
    },
    "R0A": {
        "upper_err": 2.7767093687911206,
        "upper": 2.6945082235497617,
        "lower": 2.447904787825686,
        "lower_err": 2.365703642584327
    },
    "R0B": {
        "upper_err": 2.764643272578758,
        "upper": 2.681224860243548,
        "lower": 2.4309696232379165,
        "lower_err": 2.347551210902706
    },
    "R0C": {
        "upper_err": 2.5291756070449236,
        "upper": 2.4570430321188095,
        "lower": 2.2406453073404666,
        "lower_err": 2.1685127324143525
    },
    "R0D": {
        "upper_err": 2.423561542498268,
        "upper": 2.352471631702293,
        "lower": 2.139201899314369,
        "lower_err": 2.0681119885183943
    },
    "Z0A": {
        "upper_err": 2.7230117607797197,
        "upper": 2.642340001725658,
        "lower": 2.4003247245634722,
        "lower_err": 2.3196529655094107
    },
    "Z0B": {
        "upper_err": 2.5075933397516494,
        "upper": 2.4356174111772457,
        "lower": 2.219689625454036,
        "lower_err": 2.147713696879632
    },
    "Z0C": {
        "upper_err": 2.8993369665570548,
        "upper": 2.7935205842899604,
        "lower": 2.4760714374886774,
        "lower_err": 2.370255055221583
    },
    "Z0D": {
        "upper_err": 2.4100661692872816,
        "upper": 2.32910426672376,
        "lower": 2.086218559033196,
        "lower_err": 2.0052566564696743
    },
    "B1A": {
        "upper_err": 4.1091556266952045,
        "upper": 3.91419959980141,
        "lower": 3.3293315191200263,
        "lower_err": 3.134375492226232
    },
    "B1B": {
        "upper_err": 2.9234947059009757,
        "upper": 2.8351662748933353,
        "lower": 2.5701809818704144,
        "lower_err": 2.481852550862774
    },
    "B1C": {
        "upper_err": 3.1757770661560474,
        "upper": 3.084778349197386,
        "lower": 2.8117821983214015,
        "lower_err": 2.7207834813627403
    },
    "B1D": {
        "upper_err": 2.969739296752881,
        "upper": 2.8683659880230206,
        "lower": 2.5642460618334377,
        "lower_err": 2.4628727531035772
    },
    "R1A": {
        "upper_err": 2.583080965194948,
        "upper": 2.4993167466219557,
        "lower": 2.2480240909029785,
        "lower_err": 2.1642598723299864
    },
    "R1B": {
        "upper_err": 2.2874204317276,
        "upper": 2.2128745274318953,
        "lower": 1.9892368145447805,
        "lower_err": 1.914690910249076
    },
    "R1C": {
        "upper_err": 2.531674537692585,
        "upper": 2.4598437938197435,
        "lower": 2.244351562201219,
        "lower_err": 2.1725208183283775
    },
    "R1D": {
        "upper_err": 2.602072485745974,
        "upper": 2.526297314509603,
        "lower": 2.298971800800489,
        "lower_err": 2.223196629564118
    },
    "Z1A": {
        "upper_err": 2.657014343081698,
        "upper": 2.5538469137226243,
        "lower": 2.2443446256454034,
        "lower_err": 2.1411771962863297
    },
    "Z1B": {
        "upper_err": 2.315647562790033,
        "upper": 2.245564976470948,
        "lower": 2.0353172175136938,
        "lower_err": 1.9652346311946087
    },
    "Z1C": {
        "upper_err": 3.322387298675838,
        "upper": 3.074448028474174,
        "lower": 2.330630217869182,
        "lower_err": 2.082690947667518
    },
    "Z1D": {
        "upper_err": 2.7190586746598657,
        "upper": 2.625257455623239,
        "lower": 2.3438537985133587,
        "lower_err": 2.250052579476732
    },
    "B2A": {
        "upper_err": 4.040079677694554,
        "upper": 3.911722643407792,
        "lower": 3.5266515405475056,
        "lower_err": 3.398294506260744
    },
    "B2B": {
        "upper_err": 2.9519842892086587,
        "upper": 2.8665767806383484,
        "lower": 2.6103542549274175,
        "lower_err": 2.524946746357107
    },
    "B2C": {
        "upper_err": 3.2946332361784947,
        "upper": 3.2006429133941454,
        "lower": 2.9186719450410967,
        "lower_err": 2.8246816222567475
    },
    "B2D": {
        "upper_err": 3.189917609983485,
        "upper": 3.101719026215645,
        "lower": 2.837123274912125,
        "lower_err": 2.748924691144285
    },
    "R2A": {
        "upper_err": 3.085086306771341,
        "upper": 2.9848260161207203,
        "lower": 2.684045144168858,
        "lower_err": 2.583784853518237
    },
    "R2B": {
        "upper_err": 2.8691430104709097,
        "upper": 2.7849376431907698,
        "lower": 2.5323215413503504,
        "lower_err": 2.4481161740702104
    },
    "R2C": {
        "upper_err": 2.7163533660909764,
        "upper": 2.6296374614792657,
        "lower": 2.3694897476441326,
        "lower_err": 2.282773843032422
    },
    "R2D": {
        "upper_err": 2.5541598015172813,
        "upper": 2.480734918610563,
        "lower": 2.2604602698904093,
        "lower_err": 2.187035386983691
    },
    "Z2A": {
        "upper_err": 2.4006210515472315,
        "upper": 2.305574071447945,
        "lower": 2.0204331311500847,
        "lower_err": 1.9253861510507981
    },
    "Z2B": {
        "upper_err": 2.319532197061043,
        "upper": 2.2545322452462733,
        "lower": 2.059532389801963,
        "lower_err": 1.9945324379871932
    },
    "Z2C": {
        "upper_err": 2.8947670172899342,
        "upper": 2.8038751428905546,
        "lower": 2.5311995196924157,
        "lower_err": 2.440307645293036
    },
    "Z2D": {
        "upper_err": 2.505571533530168,
        "upper": 2.4297345573457036,
        "lower": 2.2022236287923107,
        "lower_err": 2.1263866526078465
    },
    "B3A": {
        "upper_err": 4.375614391679983,
        "upper": 4.198006756496869,
        "lower": 3.665183850947525,
        "lower_err": 3.4875762157644106
    },
    "B3B": {
        "upper_err": 2.893279531356258,
        "upper": 2.806913141167936,
        "lower": 2.5478139706029714,
        "lower_err": 2.46144758041465
    },
    "B3C": {
        "upper_err": 3.4383609910297785,
        "upper": 3.337062219659089,
        "lower": 3.0331659055470213,
        "lower_err": 2.931867134176332
    },
    "B3D": {
        "upper_err": 2.97197384879225,
        "upper": 2.885644622977464,
        "lower": 2.626656945533106,
        "lower_err": 2.54032771971832
    },
    "R3A": {
        "upper_err": 3.007422936268388,
        "upper": 2.872826108393421,
        "lower": 2.4690356247685172,
        "lower_err": 2.33443879689355
    },
    "R3B": {
        "upper_err": 2.7629043146158176,
        "upper": 2.631233021046208,
        "lower": 2.236219140337378,
        "lower_err": 2.104547846767768
    },
    "R3C": {
        "upper_err": 2.8018375116085426,
        "upper": 2.71249559932615,
        "lower": 2.4444698624789742,
        "lower_err": 2.355127950196582
    },
    "R3D": {
        "upper_err": 2.513245833844041,
        "upper": 2.4368165031672735,
        "lower": 2.207528511136971,
        "lower_err": 2.1310991804602035
    },
    "Z3A": {
        "upper_err": 2.762536066205095,
        "upper": 2.6753734043550264,
        "lower": 2.4138854188048215,
        "lower_err": 2.326722756954753
    },
    "Z3B": {
        "upper_err": 2.472927213868967,
        "upper": 2.3802249434859646,
        "lower": 2.1021181323369578,
        "lower_err": 2.0094158619539555
    },